{
    "containerDefinitions": [
        {
            "command": [
                "bash",
                "-c",
                "python3 manage.py migrate && python3 manage.py runserver 0.0.0.0:8000"
            ],
            "essential": true,
            "name": "django",
            "portMappings": [
                {
                    "containerPort": 8000,
                    "hostPort": 8000
                }
            ]
        },
        {
            "command": [
                "npm",
                "run",
                "build"
            ],
            "essential": true,
            "name": "frontend"
        }
    ],
    "family": "",
    "volumes": []
}
